member,reserve
3ownrzhXeiefVgyGxP2KYhwaeSNHKZxTdySp97wWwHrH,1
4Hirpnpm2yvkMqVzwSDptee4vVFf7E2XuMXpa1frTgEG,1
wxo1Rj8JAy52FhhqTSiPTNbGZH87RhyMrgKJZiyYcay,1
53qb8K7SAt6e57ZqPDJTUt51FTmcYnNkvuyiNptRWwQ8,1
4EtaeFYyXJj5C9485EFs1EA96XrD4WsVY47VpBF4sv38,1
FhDsT38rKmgmKaDEJCRcePEgQM7NY2N18TccMQADkUdW,1
HAgCUsjU6JznxZa5bZwz5TQtGHyzZbiHsrBoCDZdQ2Vo,1
An9TGfcxXEVFPxXB4AKRuT3JU2YeZkVZQ3ADRMD18MCo,1
8PTNqqcWbWrGbCj3QwitYr52ZTBNPrvdahqoFN1nLd3P,1
6og3GdgWfQpweXKDiW3FoEX42SdAYSbXPGBC3oayEDsy,1
Ga7geFpwuzEM7kNss86jdf9UYR1kq9yN4N4Qed7A6gY4,1